EducationalSystem,Learner,EducationalProviders,Outcome,NetworkingOpportunities,PersonalGrowth,ImpactOnCareer,SkillDevelopment,Certification,SocietalPerception,Credibility,LearningObjective,"LearnerDemographics (Age, Location, IncomeLevel)",
FreeSystem,Bachelor of Science,University of Helsinki,Analytical thinking,Alumni networking events,Confidence building,Increased employability,Foundational STEM skills,Degree Certificate,Respected globally,High,Gain foundational STEM knowledge,"21, Helsinki, Medium",
PaidSystem,Master's in AI,Stanford University,Innovative research,AI research groups,Independent learning,High-tech employment,Machine learning specialization,Degree Certificate,Prestigious,High,Master advanced AI methodologies,"28, California, High",
FreeSystem,High School Graduate,Public High School Stockholm,Basic academic readiness,Peer study groups,Leadership development,Admission to university,Basic literacy and numeracy,High School Diploma,Standardized recognition,Medium,Prepare for university studies,"18, Stockholm, Low",
PaidSystem,Culinary Arts Student,Le Cordon Bleu,Culinary creativity,International culinary meetups,Confidence and precision,Chef career in fine dining,Advanced culinary techniques,Culinary Diploma,Prestigious,High,Master fine dining techniques,"25, Paris, High",
FreeSystem,Welding Apprentice,German Vocational School,Practical expertise,Trade fairs and associations,Technical skills,Immediate construction job,Industrial welding skills,Trade Certification,Trusted regionally,Medium,Develop strong trade skills,"20, Berlin, Medium",
PaidSystem,Business MBA Candidate,Harvard Business School,Entrepreneurial mindset,Global business conferences,Leadership development,Managerial promotion,Strategic business analysis,Degree Certificate,Prestigious,High,Gain advanced leadership skills,"30, Boston, High",
FreeSystem,Software Developer Trainee,UK Government Training Program,Job-ready coding skills,Community coding forums,Creative problem-solving,Immediate tech job placement,Web development expertise,Bootcamp Certificate,Respected nationally,Medium,Build real-world software skills,"24, London, Medium",
PaidSystem,Finance Graduate,London Business School,Analytical reasoning,Investment networking events,Personal finance growth,Employment in finance sector,Financial modeling and strategy,Degree Certificate,Prestigious,High,Gain expertise in financial leadership,"29, London, High",
FreeSystem,Medical Student,Karolinska Institute,Medical care skills,Clinical practice seminars,Empathy and responsibility,Professional healthcare career,Advanced medical knowledge,Doctoral Degree,Respected globally,High,Develop clinical and research skills,"27, Stockholm, Medium",
PaidSystem,Digital Marketing Learner,Google Digital Garage,Digital marketing skills,Virtual marketing groups,Innovative learning,Marketing career opportunities,SEO and social media advertising,Course Certificate,Recognized in tech sector,Medium,Build expertise in online marketing,"26, Madrid, Medium",
FreeSystem,Electrician Apprentice,Finnish Trade School,Skilled trade readiness,Local trade events,Technical knowledge,Job placement in construction,Electrical wiring techniques,Trade Certification,Trusted locally,Medium,Gain hands-on electrical skills,"22, Helsinki, Low",
PaidSystem,Full-Stack Developer,Ironhack,Coding and design skills,Industry hackathons,Independent project skills,Tech industry employment,Front-end and back-end skills,Bootcamp Certificate,Growing in startups,Medium,Build full-stack web development skills,"24, Berlin, Medium",
FreeSystem,PhD in Philosophy,University of Oxford,Research and publication,Global academic conferences,Advanced critical reasoning,Academic and research career,Theoretical philosophy expertise,Doctoral Degree,Prestigious globally,High,Master critical research methodologies,"33, Oxford, Medium",
PaidSystem,Animation Student,Gobelins School of Animation,Artistic storytelling,Animation festivals,Creativity and precision,Career in animation studios,2D and 3D animation techniques,Degree Certificate,Prestigious in arts,High,Develop professional animation skills,"21, Paris, High",
FreeSystem,Sociology Researcher,University of Vienna,Social data expertise,Academic symposiums,Analytical reasoning,Academia or policy positions,Sociological research methods,Doctoral Degree,Respected globally,High,Master advanced sociological analysis,"32, Vienna, Medium",
PaidSystem,UX Design Student,General Assembly,User-centric design,Community design meetups,Critical thinking,Employment in tech industry,User research and design skills,Course Certificate,Respected globally,Medium,Develop practical UX design skills,"25, New York, Medium",
PaidSystem,Master of Business Law,University of Sydney,Legal reasoning,Law alumni networks,Strategic thinking,Corporate legal roles,Corporate law expertise,Degree Certificate,Prestigious globally,High,Master advanced legal principles,"27, Sydney, High",
FreeSystem,Biology Undergraduate,University of Helsinki,Research fundamentals,Peer science groups,Critical scientific skills,Research internship programs,Basic lab techniques,Degree Certificate,Respected globally,Medium,Gain foundational biological knowledge,"21, Helsinki, Medium",
PaidSystem,Hospitality Management,EHL Hospitality Business School,Customer service skills,Industry job fairs,Leadership development,Employment in hotel management,Event planning and operations,Degree Certificate,Prestigious globally,High,Master hospitality leadership,"28, Lausanne, High",
FreeSystem,Robotics Engineering Grad,Tokyo Institute of Technology,Innovative thinking,Engineering expos,Technical creativity,Robotics industry placement,Robotics systems development,Degree Certificate,Respected internationally,High,Build robotics engineering skills,"25, Tokyo, Medium",
PaidSystem,Interior Design Student,Parsons School of Design,Design creativity,Industry design showcases,Artistic growth,Career in interior decoration,CAD and spatial planning,Degree Certificate,Prestigious in arts,High,Master professional interior design,"22, New York, High",
FreeSystem,Renewable Energy Trainee,Delft University of Technology,Green energy expertise,Energy innovation conferences,Environmental responsibility,Sustainability roles,Wind and solar energy systems,Degree Certificate,Respected globally,Medium,Develop expertise in renewable energy,"26, Delft, Medium",
PaidSystem,Medical Researcher,Johns Hopkins University,Advanced medical skills,Clinical research forums,Scientific reasoning,Healthcare and academic careers,Disease treatment methodologies,Doctoral Degree,Prestigious globally,High,Master advanced medical research,"29, Baltimore, High",
FreeSystem,Civil Engineering Student,National University of Singapore,Infrastructure knowledge,Engineering peer groups,Structural problem-solving,Infrastructure project roles,Structural analysis techniques,Degree Certificate,Respected internationally,Medium,Develop expertise in civil infrastructure,"24, Singapore, Medium",
PaidSystem,Cybersecurity Specialist,MIT,Cybersecurity expertise,Global tech conferences,Threat analysis skills,Cybersecurity industry positions,Network defense strategies,Degree Certificate,Prestigious globally,High,Master advanced cybersecurity techniques,"27, Boston, High",
FreeSystem,Graphic Design Learner,University of Glasgow,Creative development,Peer design forums,Artistic exploration,Entry into design industry,Digital design skills,Degree Certificate,Respected locally,Medium,Develop foundational graphic design skills,"22, Glasgow, Low",
PaidSystem,Aviation Management,Embry-Riddle Aeronautical Univ.,Aviation leadership,International aviation expos,Leadership in operations,Career in airline management,Flight operations and planning,Degree Certificate,Respected globally,High,Gain expertise in aviation leadership,"28, Florida, High",
FreeSystem,Teacher Training Student,University of Cape Town,Teaching methodologies,Teaching mentorship programs,Pedagogical skills,Educational leadership roles,Classroom management skills,Degree Certificate,Respected regionally,Medium,Master effective teaching strategies,"26, Cape Town, Medium",
PaidSystem,Cloud Engineer Trainee,Microsoft Azure Academy,Cloud development skills,Industry tech forums,Independent problem-solving,Cloud solutions architect roles,Azure cloud infrastructure,Course Certificate,Growing recognition,Medium,Build advanced cloud computing skills,"25, Berlin, Medium",
FreeSystem,Chemistry Graduate,University of Zurich,Scientific lab skills,Research seminars,Precision and accuracy,Scientific research roles,Lab techniques and data analysis,Degree Certificate,Respected globally,Medium,Develop expertise in chemical analysis,"23, Zurich, Low",
PaidSystem,Animation Arts Trainee,Vancouver Film School,Storytelling development,Animation conferences,Creative design growth,Careers in animation studios,Character design and 3D skills,Degree Certificate,Prestigious globally,High,Master storytelling through animation,"21, Vancouver, High",
FreeSystem,Political Science Grad,University of Edinburgh,Policy analysis,Peer policy groups,Research growth,Government or policy positions,Advanced policy formulation,Degree Certificate,Respected globally,Medium,Master policy research methodologies,"24, Edinburgh, Medium",
PaidSystem,Entrepreneurship Student,Babson College,Business strategy,Start-up accelerators,Entrepreneurial mindset,Business start-up opportunities,Pitching and scaling businesses,Degree Certificate,Prestigious globally,High,Launch and scale successful businesses,"29, Boston, High",
FreeSystem,History Research Student,University of Oxford,Analytical research,Academic history conferences,Critical historical growth,Museum and archival roles,Historical data analysis,Doctoral Degree,Prestigious globally,High,Master historical research methodologies,"32, Oxford, Medium",
PaidSystem,Full-Stack Web Developer,Coursera,Coding mastery,Online developer forums,Practical coding skills,Immediate employment in tech,Full-stack web development,Course Certificate,Recognized in tech industry,Medium,Build expertise in full-stack development,"24, Madrid, Medium",
FreeSystem,Environmental Science,"University of California, Berkeley",Sustainability skills,Climate science groups,Environmental awareness,Career in environmental research,Ecology and sustainability skills,Degree Certificate,Respected globally,Medium,Develop knowledge in sustainability,"26, California, Medium",
PaidSystem,Game Design Student,Savannah College of Art and Design,Creative problem-solving,Gaming industry expos,Storytelling creativity,Game design studio roles,3D modeling and game mechanics,Degree Certificate,Prestigious in arts,High,Develop mastery in game design,"23, Savannah, High",
FreeSystem,Agricultural Sciences,Wageningen University,Sustainable farming,Agricultural innovation groups,Environmental responsibility,Agricultural research roles,Crop management techniques,Degree Certificate,Respected globally,Medium,Master sustainable agriculture methods,"24, Wageningen, Medium",
PaidSystem,Luxury Brand Manager,ESSEC Business School,Leadership in luxury,Luxury industry forums,Brand management skills,Executive roles in luxury firms,Marketing and brand strategy,Degree Certificate,Prestigious globally,High,Build expertise in luxury brand management,"28, Paris, High",
PaidSystem,Computer Science Graduate,Stanford University,Problem-solving development,Tech networking events,Entrepreneurial mindset,Growth in software engineering roles,Advanced coding and AI skills,Degree Certificate,Prestigious globally,High,Master advanced algorithms and machine learning,"24, California, High",
,,,,,,,,,,,,,
,,,,,,,,,,,,,
,,,,,,,,,,,,,
,,,,,,,,,,,,,
,,,,,,,,,,,,,
,,,,,,,,,,,,,
,,,,,,,,,,,,,
,,,,,,,,,,,,,
,,,,,,,,,,,,,
,,,,,,,,,,,,,
,,,,,,,,,,,,,
,,,,,,,,,,,,,
,,,,,,,,,,,,,
,,,,,,,,,,,,,
,,,,,,,,,,,,,
,,,,,,,,,,,,,
,,,,,,,,,,,,,
,,,,,,,,,,,,,
,,,,,,,,,,,,,
,,,,,,,,,,,,,
,,,,,,,,,,,,,
,FreeSystem,Physics Master's Student,University of Copenhagen,Research excellence,Academic conferences,Critical thinking skills,Academia and R&D,Advanced mathematical skills,Degree Certificate,Respected regionally,High,Conduct physics-based research,"26, Copenhagen, High"
,FreeSystem,Data Analysis Learner,edX,Career change,Online learning forums,Analytical reasoning,Transition to data jobs,Statistical data analysis,Course Certificate,Growing recognition,Medium,Master data analytics tools,"28, Berlin, Medium"
,PaidSystem,Law Graduate,Yale Law School,Legal proficiency,Peer legal study groups,Negotiation and logic skills,Join top-tier law firms,Legal research skills,Degree Certificate,Prestigious,High,Understand constitutional law,"27, New York, High"
,FreeSystem,Electrician Apprentice,French Trade School,Trade proficiency,Trade events,Technical expertise,Employment in energy sectors,Practical electrical systems,Trade Certification,Trusted locally,Medium,Master electrical systems design,"21, Paris, Medium"
,PaidSystem,IB Diploma Graduate,UWC Atlantic College,Admission to Ivy League,International cultural exchanges,Global awareness,Higher education opportunities,Critical academic preparation,IB Diploma,Globally respected,High,Prepare for interdisciplinary study,"17, London, High"
,FreeSystem,Biology PhD Student,University of Zurich,Research excellence,Research symposiums,Critical problem-solving,Academia and innovation,Advanced research methodologies,Doctoral Degree,Respected worldwide,High,Innovate in biological sciences,"32, Zurich, High"
,PaidSystem,Front-End Developer,Udacity,Tech employment,Virtual hackathons,Problem-solving skills,Immediate job placement,Responsive web design,Bootcamp Certificate,Growing in tech,Medium,Develop full-stack front-end apps,"24, Madrid, Medium"
,FreeSystem,Science High School Student,Helsinki Public High School,STEM foundations,Local science fairs,Teamwork and basic research,University preparation,Foundational STEM skills,High School Diploma,Respected locally,Medium,Prepare for STEM careers,"18, Helsinki, Low"
,PaidSystem,Fine Arts Student,Royal College of Art,Media and design career,Art exhibitions,Artistic creativity,Employment in media studios,Professional design skills,Diploma,Respected in industry,Medium,Master multimedia design tools,"22, Florence, Medium"
,PaidSystem,AI Engineer Trainee,Coursera,AI career progression,AI industry webinars,Independent learning,Develop AI-based applications,Machine learning tools,Course Certificate,Growing recognition,Medium,Master AI frameworks,"26, Amsterdam, Medium"
,PaidSystem,Pastry Chef Trainee,Le Cordon Bleu,Culinary mastery,Culinary networking events,Creativity and precision,Work in fine-dining restaurants,Gourmet pastry techniques,Culinary Diploma,Prestigious globally,High,Master advanced pastry arts,"25, Paris, High"
,PaidSystem,Finance MBA Candidate,Wharton Business School,Leadership in finance,Finance networking events,Leadership and analysis,C-Suite career progression,Advanced financial strategy,MBA Degree,Prestigious globally,High,Excel in global finance leadership,"30, Philadelphia, High"
,FreeSystem,Welding Trainee,Swedish Technical College,Industrial trade skills,Regional trade competitions,Technical precision skills,Employment in manufacturing,Practical welding techniques,Trade Certification,Respected regionally,Medium,Master precision welding techniques,"20, Stockholm, Low"
,FreeSystem,Cybersecurity Enthusiast,Pluralsight,IT security basics,Cybersecurity forums,Problem-solving,Entry-level cybersecurity jobs,Network security skills,Course Certificate,Growing in tech sector,Medium,Master basic cybersecurity tools,"27, Barcelona, Medium"
,PaidSystem,Film Production Student,Prague Film Academy,Film and media career,International film festivals,Storytelling and creativity,Assistant roles in film studios,Directing and cinematography,Diploma,Respected globally,High,Learn advanced film production,"25, Prague, Medium"
